VM,Avg Clock Jump,Max Clock Jump,Min Clock Jump
0,2.2,10.0,0.0
1,1.3563218390804597,5.0,0.0
2,2.215686274509804,7.0,0.0
