VM,Avg Gap Size,Large Gaps Count
0,2.2,12
1,1.3563218390804597,8
2,2.215686274509804,16
