VM,Avg Clock Jump,Max Clock Jump,Min Clock Jump
0,1.288888888888889,3.0,0.0
1,1.3488372093023255,4.0,0.0
2,1.1568627450980393,4.0,0.0
