VM,Avg Gap Size,Large Gaps Count
0,1.288888888888889,3
1,1.3488372093023255,5
2,1.1568627450980393,1
