VM,Avg Gap Size,Large Gaps Count
0,1.3870967741935485,11
1,1.6442307692307692,18
2,1.5225225225225225,16
