VM,Avg Clock Jump,Max Clock Jump,Min Clock Jump
0,1.3870967741935485,4.0,0.0
1,1.6442307692307692,5.0,0.0
2,1.5225225225225225,7.0,0.0
