VM,Avg Clock Jump,Max Clock Jump,Min Clock Jump
0,1.251063829787234,5.0,0.0
1,1.5129533678756477,10.0,0.0
2,1.2683982683982684,5.0,0.0
