VM,Avg Gap Size,Large Gaps Count
0,1.251063829787234,16
1,1.5129533678756477,22
2,1.2683982683982684,17
