VM,Avg Gap Size,Large Gaps Count
0,2.2828947368421053,46
1,1.5175438596491229,27
2,1.326996197718631,17
