VM,Avg Clock Jump,Max Clock Jump,Min Clock Jump
0,2.2828947368421053,10.0,0.0
1,1.5175438596491229,5.0,0.0
2,1.326996197718631,5.0,0.0
