VM,Avg Gap Size,Large Gaps Count
0,3.8666666666666667,47
1,1.8333333333333333,12
2,2.0595238095238093,41
