VM,Avg Clock Jump,Max Clock Jump,Min Clock Jump
0,3.8666666666666667,19.0,0.0
1,1.8333333333333333,6.0,0.0
2,2.0595238095238093,10.0,0.0
