VM Pair,Avg Drift,Max Drift,Min Drift
VM0 vs VM1,119.43333333333334,238,0
VM0 vs VM2,4.933333333333334,15,0
