VM,Avg Gap Size,Large Gaps Count
0,1.9591836734693877,34
1,1.3257918552036199,14
2,1.553191489361702,21
