VM,Avg Clock Jump,Max Clock Jump,Min Clock Jump
0,1.9591836734693877,10.0,0.0
1,1.3257918552036199,5.0,0.0
2,1.553191489361702,7.0,0.0
